Descrição;Contas
Abate de aves;3542
Acabamento de calçados de couro sob contrato;50
Administração da infra-estrutura portuária;19
Administração de caixas escolares;1
Administração de cartões de crédito;115
Administração de consórcios para aquisição de bens e direitos;352
Administração de obras;67
Administração pública em geral;5579
Agenciamento de cargas, exceto para o transporte marítimo;24
Agenciamento de espaços para publicidade, exceto em veículos de comunicação;3
Agente de propriedade industrial;1
Agências de fomento;1
Agências de publicidade;133
Agências de viagens;62
Aluguel de andaimes;24
Aluguel de aparelhos de jogos eletrônicos;5
Aluguel de equipamentos científicos, médicos e hospitalares, sem operador;3
Aluguel de imóveis próprios;181
Aluguel de máquinas e equipamentos agrícolas sem operador;92
Aluguel de máquinas e equipamentos para construção sem operador, exceto andaimes;220
Aluguel de máquinas e equipamentos para escritórios;19
Aluguel de máquinas e equipamentos para extração de minérios e petróleo, sem operador;2
"Aluguel de móveis, utensílios e aparelhos de uso doméstico e pessoal; instrumentos musicais";8
Aluguel de objetos do vestuário, jóias e acessórios;23
Aluguel de outras máquinas e equipamentos comerciais e industriais não especificados anteriormente, sem operador;358
Aluguel de palcos, coberturas e outras estruturas de uso temporário, exceto andaimes;46
Alvejamento, tingimento e torção em fios, tecidos, artefatos têxteis e peças do vestuário;20
Aparelhamento de pedras para construção, exceto associado à extração;5
Aparelhamento de placas e execução de trabalhos em mármore, granito, ardósia e outras pedras;117
Apart-hotéis;15
Aplicação de revestimentos e de resinas em interiores e exteriores;23
Armazéns gerais - emissão de warrant;313
Artes cênicas, espetáculos e atividades complementares não especificadas anteriormente;1
Atividade Econônica não informada;2
Atividade médica ambulatorial com recursos para realização de exames complementares;622
Atividade médica ambulatorial com recursos para realização de procedimentos cirúrgicos;125
Atividade médica ambulatorial restrita a consultas;304
Atividade odontológica;716
Atividades associativas não especificadas anteriormente;597
Atividades auxiliares dos seguros, da previdência complementar e dos planos de saúde não especificadas anteriormente;23
Atividades auxiliares dos transportes aéreos, exceto operação dos aeroportos e campos de aterrissagem;11
Atividades de acupuntura;1
Atividades de administração de fundos por contrato ou comissão;1
Atividades de agenciamento marítimo;20
Atividades de apoio à agricultura não especificadas anteriormente;55
Atividades de apoio à educação, exceto caixas escolares;47
Atividades de apoio à extração de minerais não-metálicos;9
Atividades de apoio à extração de petróleo e gás natural;66
Atividades de apoio à gestão de saúde;254
Atividades de apoio à pecuária não especificadas anteriormente;5
Atividades de apoio à produção florestal;798
Atividades de assistência a deficientes físicos, imunodeprimidos e convalescentes;4
Atividades de assistência psicossocial e à saúde a portadores de distúrbios psíquicos, deficiência mental e dependência química e grupos similares não;4
Atividades de assistência social prestadas em residências coletivas e particulares não especificadas anteriormente;63
Atividades de associações de defesa de direitos sociais;8517
Atividades de atendimento em pronto-socorro e unidades hospitalares para atendimento a urgências;1752
Atividades de atendimento hospitalar, exceto pronto-socorro e unidades para atendimento a urgências;4512
Atividades de atenção ambulatorial não especificadas anteriormente;1709
Atividades de bibliotecas e arquivos;1
Atividades de centros de assistência psicossocial;2
Atividades de cobranças e informações cadastrais;2620
Atividades de condicionamento físico;366
Atividades de consultoria e auditoria contábil e tributária;30
Atividades de consultoria em gestão empresarial, exceto consultoria técnica específica;1610
Atividades de contabilidade;484
Atividades de coordenação e controle da operação da geração e transmissão de energia elétrica;11
Atividades de despachantes aduaneiros;2
Atividades de enfermagem;38
Atividades de estudos geológicos;12
Atividades de estética e outros serviços de cuidados com a beleza;81
Atividades de exibição cinematográfica;287
Atividades de fiscalização profissional;1
Atividades de fisioterapia;135
Atividades de fonoaudiologia;2
Atividades de fornecimento de infra-estrutura de apoio e assistência a paciente no domicílio;132
Atividades de franqueadas do Correio Nacional;26
Atividades de intermediação e agenciamento de serviços e negócios em geral, exceto imobiliários;1150
Atividades de limpeza não especificadas anteriormente;551
Atividades de monitoramento de sistemas de segurança eletrônico;451
Atividades de museus e de exploração de lugares e prédios históricos e atrações similares;8
Atividades de organizações associativas ligadas à cultura e à arte;23
Atividades de organizações associativas patronais e empresariais;63
Atividades de organizações religiosas ou filosóficas;265
Atividades de organizações sindicais;70
Atividades de produção cinematográfica, de vídeos e de programas de televisão não especificadas anteriormente;2
Atividades de produção de fotografias, exceto aérea e submarina;4
Atividades de profissionais da nutrição;1
Atividades de profissionais da área de saúde não especificadas anteriormente;38
Atividades de práticas integrativas e complementares em saúde humana;17
Atividades de psicologia e psicanálise;22
Atividades de pós-colheita;22
Atividades de pós-produção cinematográfica, de vídeos e de programas de televisão não especificadas anteriormente;5
Atividades de reprodução humana assistida;7
Atividades de rádio;83
Atividades de serviços de complementação diagnóstica e terapêutica não especificadas anteriormente;25
Atividades de sonorização e de iluminação;35
Atividades de teleatendimento;18764
Atividades de televisão aberta;164
Atividades de terapia ocupacional;4
Atividades de transporte de valores;78
Atividades de vigilância e segurança privada;772
Atividades do Correio Nacional;28
Atividades do Operador Portuário;133
Atividades funerárias e serviços relacionados não especificados anteriormente;22
Atividades paisagísticas;466
Atividades relacionadas a esgoto, exceto a gestão de redes;11
Atividades técnicas relacionadas à engenharia e arquitetura não especificadas anteriormente;73
Atividades veterinárias;49
Bancos comerciais;2
Bancos de câmbio;2
Bancos múltiplos, com carteira comercial;90
Bancos múltiplos, sem carteira comercial;5
Bares e outros estabelecimentos especializados em servir bebidas, com entretenimento;135
Bares e outros estabelecimentos especializados em servir bebidas, sem entretenimento;132
Beneficiamento de arroz;10
Beneficiamento de minério de metais preciosos;1
Cabeleireiros, manicure e pedicure;29
Caixas econômicas;2
Campings;18
Cantinas - serviços de alimentação privativos;1059
Captação, tratamento e distribuição de água;96
Carga e descarga;361
Cartórios;234
Casas de festas e eventos;3
Casas lotéricas;1
Centros de apoio a pacientes com câncer e com AIDS;1
Chaveiros;3
Clubes sociais, esportivos e similares;583
Clínicas e residências geriátricas;41
Coleta de produtos não-madeireiros não especificados anteriormente em florestas nativas;270
Coleta de resíduos não-perigosos;1030
Coleta de resíduos perigosos;10
Comercio varejista de artigos de armarinho;53
Comercio varejista de artigos de cama, mesa e banho;84
Comissaria de despachos;6
Compra e venda de imóveis próprios;97
Comércio a varejo de automóveis, camionetas e utilitários novos;804
Comércio a varejo de automóveis, camionetas e utilitários usados;35
Comércio a varejo de motocicletas e motonetas novas;110
Comércio a varejo de motocicletas e motonetas usadas;2
Comércio a varejo de peças e acessórios novos para  motocicletas e motonetas;26
Comércio a varejo de peças e acessórios novos para veículos automotores;860
Comércio a varejo de peças e acessórios usados para veículos automotores;3
Comércio a varejo de pneumáticos e câmaras-de-ar;101
"Comércio atacadista de Máquinas e equipamentos para uso industrial; partes e peças";56
Comércio atacadista de alimentos para animais;53
Comércio atacadista de animais vivos;12
Comércio atacadista de aparelhos eletrônicos de uso pessoal e doméstico;45
Comércio atacadista de artigos de armarinho;23
Comércio atacadista de artigos de cama, mesa e banho;19
Comércio atacadista de artigos de escritório e de papelaria;111
Comércio atacadista de artigos do vestuário e acessórios, exceto profissionais e de segurança;120
Comércio atacadista de aves abatidas e derivados;8
Comércio atacadista de aves vivas e ovos;15
Comércio atacadista de bebidas com atividade de fracionamento e acondicionamento associada;3
Comércio atacadista de bebidas não especificadas anteriormente;43
Comércio atacadista de bicicletas, triciclos e outros veículos recreativos;1
Comércio atacadista de bolsas, malas e artigos de viagem;4
Comércio atacadista de café em grão;128
Comércio atacadista de café torrado, moído e solúvel;1
Comércio atacadista de calçados;127
Comércio atacadista de carnes bovinas e suínas e derivados;151
Comércio atacadista de carnes e derivados de outros animais;13
Comércio atacadista de cereais e leguminosas beneficiados;57
Comércio atacadista de cereais e leguminosas beneficiados, farinhas, amidos e féculas, com atividade de fracionamento e acondicionamento associada;6
Comércio atacadista de cerveja, chope e refrigerante;473
Comércio atacadista de chocolates, confeitos, balas, bombons e semelhantes;3
Comércio atacadista de cigarros, cigarrilhas e charutos;7
Comércio atacadista de cimento;59
Comércio atacadista de combustíveis de origem mineral em bruto;1
Comércio atacadista de combustíveis de origem vegetal, exceto álcool carburante;1
Comércio atacadista de combustíveis realizado por transportador retalhista (T.R.R.);31
Comércio atacadista de componentes eletrônicos e equipamentos de telefonia e comunicação;70
Comércio atacadista de cosméticos e produtos de perfumaria;290
Comércio atacadista de defensivos agrícolas, adubos, fertilizantes e corretivos do solo;145
Comércio atacadista de embalagens;70
Comércio atacadista de equipamentos de informática;30
Comércio atacadista de equipamentos elétricos de uso pessoal e doméstico;31
Comércio atacadista de farinhas, amidos e féculas;3
Comércio atacadista de ferragens e ferramentas;172
Comércio atacadista de filmes, CDs, DVDs, fitas e discos;1
Comércio atacadista de fios e fibras beneficiados;13
Comércio atacadista de frutas, verduras, raízes, tubérculos, hortaliças e legumes frescos;269
Comércio atacadista de gás liqüefeito de petróleo (GLP);24
Comércio atacadista de instrumentos e materiais para uso médico, cirúrgico, hospitalar e de laboratórios;51
Comércio atacadista de jóias, relógios e bijuterias, inclusive pedras preciosas e semipreciosas lapidadas;11
Comércio atacadista de leite e laticínios;16
Comércio atacadista de livros, jornais e outras publicações;14
Comércio atacadista de lubrificantes;3
Comércio atacadista de lustres, luminárias e abajures;6
Comércio atacadista de madeira e produtos derivados;34
Comércio atacadista de massas alimentícias;3
Comércio atacadista de materiais de construção em geral;200
Comércio atacadista de material elétrico;149
Comércio atacadista de matérias-primas agrícolas não especificadas anteriormente;132
Comércio atacadista de medicamentos e drogas de uso humano;256
Comércio atacadista de medicamentos e drogas de uso veterinário;12
Comércio atacadista de mercadorias em geral, com predominância de insumos agropecuários;9
Comércio atacadista de mercadorias em geral, com predominância de produtos alimentícios;4149
Comércio atacadista de mercadorias em geral, sem predominância de alimentos ou de insumos agropecuários;1236
"Comércio atacadista de máquinas e equipamentos para uso comercial; partes e peças";8
"Comércio atacadista de máquinas, aparelhos e equipamentos para uso agropecuário; partes e peças";216
"Comércio atacadista de máquinas, aparelhos e equipamentos para uso odonto-médico-hospitalar; partes e peças";18
"Comércio atacadista de máquinas, equipamentos para terraplenagem, mineração e construção; partes e peças";7
Comércio atacadista de mármores e granitos;3
Comércio atacadista de móveis e artigos de colchoaria;18
"Comércio atacadista de outras máquinas e equipamentos não especificados anteriormente; partes e peças";91
Comércio atacadista de outros equipamentos e artigos de uso pessoal e doméstico não especificados anteriormente;288
Comércio atacadista de outros produtos químicos e petroquímicos não especificados anteriormente;9
Comércio atacadista de pescados e frutos do mar;11
Comércio atacadista de produtos alimentícios em geral;2782
Comércio atacadista de produtos alimentícios em geral, com atividade de fracionamento e acondicionamento associada;38
Comércio atacadista de produtos da extração mineral, exceto combustíveis;9
Comércio atacadista de produtos de higiene pessoal;46
Comércio atacadista de produtos de higiene, limpeza e conservação domiciliar;71
Comércio atacadista de produtos de higiene, limpeza e conservação domiciliar, com atividade de fracionamento e acondicionamento associada;13
Comércio atacadista de produtos odontológicos;3
Comércio atacadista de produtos siderúrgicos e metalúrgicos, exceto para construção;45
Comércio atacadista de próteses e artigos de ortopedia;1
Comércio atacadista de pães, bolos, biscoitos e similares;37
Comércio atacadista de resinas e elastômeros;1
Comércio atacadista de resíduos de papel e papelão;38
Comércio atacadista de resíduos e sucatas metálicos;227
Comércio atacadista de resíduos e sucatas não-metálicos, exceto de papel e papelão;17
Comércio atacadista de roupas e acessórios para uso profissional e de segurança do trabalho;32
Comércio atacadista de sementes, flores, plantas e gramas;93
Comércio atacadista de soja;23
Comércio atacadista de sorvetes;23
Comércio atacadista de suprimentos para informática;7
Comércio atacadista de tecidos;50
Comércio atacadista de tintas, vernizes e similares;23
Comércio atacadista de vidros, espelhos, vitrais e molduras;16
Comércio atacadista de água mineral;5
Comércio atacadista de álcool carburante, biodiesel, gasolina e demais derivados de petróleo, exceto lubrificantes, não realizado por transportador re;13
Comércio atacadista especializado de materiais de construção não especificados anteriormente;42
Comércio atacadista especializado em outros produtos alimentícios não especificados anteriormente;189
Comércio atacadista especializado em outros produtos intermediários não especificados anteriormente;88
Comércio por atacado de automóveis, camionetas e utilitários novos e usados;14
Comércio por atacado de caminhões novos e usados;218
Comércio por atacado de motocicletas e motonetas;1
Comércio por atacado de peças e acessórios novos para veículos automotores;352
Comércio por atacado de peças e acessórios para motocicletas e motonetas;4
Comércio por atacado de pneumáticos e câmaras-de-ar;44
Comércio por atacado de reboques e semi-reboques novos e usados;5
Comércio sob consignação de veículos automotores;4
Comércio varejista de animais vivos e de artigos e alimentos para animais de estimação;418
Comércio varejista de artigos de caça, pesca e camping;14
Comércio varejista de artigos de colchoaria;98
Comércio varejista de artigos de iluminação;9
Comércio varejista de artigos de joalheria;63
Comércio varejista de artigos de papelaria;96
Comércio varejista de artigos de relojoaria;15
Comércio varejista de artigos de tapeçaria, cortinas e persianas;29
Comércio varejista de artigos de viagem;23
Comércio varejista de artigos de óptica;396
Comércio varejista de artigos do vestuário e acessórios;4220
Comércio varejista de artigos esportivos;125
Comércio varejista de artigos fotográficos e para filmagem;29
Comércio varejista de artigos médicos e ortopédicos;14
Comércio varejista de bebidas;72
Comércio varejista de brinquedos e artigos recreativos;140
Comércio varejista de cal, areia, pedra britada, tijolos e telhas;13
Comércio varejista de calçados;1233
Comércio varejista de carnes - açougues;138
Comércio varejista de combustíveis para veículos automotores;1869
Comércio varejista de cosméticos, produtos de perfumaria e de higiene pessoal;851
Comércio varejista de doces, balas, bombons e semelhantes;394
"Comércio varejista de embarcações e outros veículos recreativos; peças e acessórios";11
Comércio varejista de ferragens e ferramentas;280
Comércio varejista de gás liqüefeito de petróleo (GLP);34
Comércio varejista de hortifrutigranjeiros;74
Comércio varejista de laticínios e frios;37
Comércio varejista de livros;56
Comércio varejista de lubrificantes;9
Comércio varejista de madeira e artefatos;130
Comércio varejista de materiais de construção em geral;847
Comércio varejista de materiais de construção não especificados anteriormente;355
Comércio varejista de materiais hidráulicos;13
Comércio varejista de material elétrico;152
Comércio varejista de medicamentos veterinários;31
Comércio varejista de mercadorias em geral, com predominância de produtos alimentícios - hipermercados;15602
Comércio varejista de mercadorias em geral, com predominância de produtos alimentícios - minimercados, mercearias e armazéns;852
Comércio varejista de mercadorias em geral, com predominância de produtos alimentícios - supermercados;18421
Comércio varejista de mercadorias em lojas de conveniência;57
Comércio varejista de móveis;488
Comércio varejista de outros artigos de uso pessoal e doméstico não especificados anteriormente;293
Comércio varejista de outros artigos usados;15
Comércio varejista de outros produtos não especificados anteriormente;1993
Comércio varejista de pedras para revestimento;4
Comércio varejista de plantas e flores naturais;104
Comércio varejista de produtos alimentícios em geral ou especializado em produtos alimentícios não especificados anteriormente;353
Comércio varejista de produtos farmacêuticos homeopáticos;1
Comércio varejista de produtos farmacêuticos, com manipulação de fórmulas;467
Comércio varejista de produtos farmacêuticos, sem manipulação de fórmulas;1595
Comércio varejista de produtos saneantes domissanitários;46
Comércio varejista de suvenires, bijuterias e artesanatos;151
Comércio varejista de tecidos;243
Comércio varejista de tintas e materiais para pintura;89
Comércio varejista de vidros;49
Comércio varejista especializado de eletrodomésticos e equipamentos de áudio e vídeo;1387
Comércio varejista especializado de equipamentos de telefonia e comunicação;507
Comércio varejista especializado de equipamentos e suprimentos de informática;476
Comércio varejista especializado de instrumentos musicais e acessórios;3
Comércio varejista especializado de peças e acessórios para aparelhos eletroeletrônicos para uso doméstico, exceto informática e comunicação;44
Concessionárias de rodovias, pontes, túneis e serviços relacionados;36
Condomínios prediais;1681
Condomínios residenciais para idosos e deficientes físicos;3
Confecção de peças de vestuário, exceto roupas íntimas e as confeccionadas sob medida;852
Confecção de roupas profissionais, exceto sob medida;110
Confecção de roupas íntimas;708
Confecção, sob medida, de peças do vestuário, exceto roupas íntimas;609
Confecção, sob medida, de roupas profissionais;5
Construção de barragens e represas para geração de energia elétrica;4
Construção de edifícios;6932
Construção de embarcações de grande porte;1
Construção de embarcações para uso comercial e para usos especiais, exceto de grande porte;8
Construção de estações e redes de distribuição de energia elétrica;481
Construção de estações e redes de telecomunicações;68
Construção de instalações esportivas e recreativas;8
Construção de obras de arte especiais;38
Construção de redes de abastecimento de água, coleta de esgoto e construções correlatas, exceto obras de irrigação;744
Construção de redes de transportes por dutos, exceto para água e esgoto;12
Construção de rodovias e ferrovias;3241
Consultoria em publicidade;3
Consultoria em tecnologia da informação;155
Cooperativas de crédito mútuo;19
Correspondentes de instituições financeiras;81
Corretagem na compra e venda e avaliação de imóveis;54
Corretagem no aluguel de imóveis;84
Corretoras de contratos de mercadorias;2
Corretoras de câmbio;5
Corretoras de títulos e valores mobiliários;5
Corretores e agentes de seguros, de planos de previdência complementar e de saúde;119
Criação de aves, exceto galináceos;8
Criação de bovinos para corte;83
Criação de bovinos para leite;3
Criação de camarões em água salgada e salobra;1
Criação de eqüinos;3
Criação de frangos para corte;22
Criação de suínos;139
Cultivo de banana;19
Cultivo de batata-inglesa;39
Cultivo de café;5
Cultivo de cana-de-açúcar;337
Cultivo de dendê;2
Cultivo de eucalipto;551
Cultivo de feijão;20
Cultivo de flores e plantas ornamentais;8
Cultivo de frutas de lavoura permanente não especificadas anteriormente;2
Cultivo de laranja;179
Cultivo de manga;2
Cultivo de milho;19
Cultivo de mudas em viveiros florestais;221
Cultivo de outras oleaginosas de lavoura temporária não especificadas anteriormente;2
Cultivo de outras plantas de lavoura temporária não especificadas anteriormente;1
Cultivo de pinus;23
Cultivo de seringueira;6
Cultivo de soja;85
Cultivo de uva;616
Cultivos e semicultivos da aqüicultura em água doce não especificados anteriormente;3
Cursos preparatórios para concursos;16
Curtimento e outras preparações de couro;414
Decoração, lapidação, gravação, vitrificação e outros trabalhos em cerâmica, louça, vidro e cristal;147
Defesa;2576
Demolição de edifícios e outras estruturas;1
Depósitos de mercadorias para terceiros, exceto armazéns gerais e guarda-móveis;76
Descontaminação e outros serviços de gestão de resíduos;17
Desenvolvimento de programas de computador sob encomenda;182
Desenvolvimento e licenciamento de programas de computador customizáveis;227
Desenvolvimento e licenciamento de programas de computador não-customizáveis;65
Design de interiores;5
Design de produto;1
Distribuidoras de títulos e valores mobiliários;6
Distribuição cinematográfica, de vídeo e de programas de televisão;9
Distribuição de combustíveis gasosos por redes urbanas;2
Distribuição de energia elétrica;91
Distribuição de água por caminhões;2
Edição de jornais diários;8
Edição de jornais não diários;2
Edição de livros;103
Edição de revistas;4
Edição integrada à impressão de cadastros, listas e de outros produtos gráficos;6
Edição integrada à impressão de jornais diários;32
Edição integrada à impressão de livros;15
Educação infantil - creche;405
Educação infantil - pré-escola;497
Educação profissional de nível tecnológico;63
Educação profissional de nível técnico;289
Educação superior - graduação;473
Educação superior - graduação e pós-graduação;154
Educação superior - pós-graduação e extensão;16
Emissão de vales-alimentação, vales-transporte e similares;17
Ensino de dança;7
Ensino de esportes;7
Ensino de idiomas;222
Ensino fundamental;1073
Ensino médio;330
Envasamento e empacotamento sob contrato;338
Escafandria e mergulho;12
Estacionamento de veículos;318
Estamparia e texturização em fios, tecidos, artefatos têxteis e peças do vestuário;4
Estúdios cinematográficos;1
Exploração de jogos eletrônicos recreativos;64
Extração de areia, cascalho ou pedregulho e beneficiamento associado;71
Extração de argila e beneficiamento associado;5
Extração de basalto e beneficiamento associado;6
Extração de calcário e dolomita e beneficiamento associado;20
Extração de madeira em florestas plantadas;127
Extração de minério de alumínio;1
Extração de minério de ferro;155
Extração de minério de manganês;20
Extração de minério de metais preciosos;17
Extração de minérios de cobre, chumbo, zinco e outros minerais metálicos não-ferrosos não especificados anteriormente;4
Extração de outros minerais não-metálicos não especificados anteriormente;68
Extração de petróleo e gás natural;18
Extração de quartzo;1
Extração de sal marinho;9
Extração e britamento de pedras e outros materiais para construção e beneficiamento associado;140
Fabricação de abrasivos;20
Fabricação de absorventes higiênicos;1
Fabricação de acessórios do vestuário, exceto para segurança e proteção;15
Fabricação de adesivos e selantes;4
Fabricação de aditivos de uso industrial;64
Fabricação de adubos e fertilizantes organo-minerais;1
Fabricação de adubos e fertilizantes, exceto organo-minerais;413
Fabricação de aguardente de cana-de-açúcar;41
Fabricação de alimentos dietéticos e complementos alimentares;99
Fabricação de alimentos e pratos prontos;173
Fabricação de alimentos para animais;148
Fabricação de amidos e féculas de vegetais;30
Fabricação de aparelhos de recepção, reprodução, gravação e amplificação de áudio e vídeo;53
Fabricação de aparelhos e equipamentos de ar condicionado para uso industrial;7
Fabricação de aparelhos e equipamentos de ar condicionado para uso não-industrial;1
Fabricação de aparelhos e equipamentos de medida, teste e controle;25
Fabricação de aparelhos e equipamentos para distribuição e controle de energia elétrica;116
Fabricação de aparelhos eletromédicos e eletroterapêuticos e equipamentos de irradiação;32
Fabricação de aparelhos telefônicos e de outros equipamentos de comunicação, peças e acessórios;35
Fabricação de artefatos de borracha não especificados anteriormente;240
Fabricação de artefatos de cerâmica e barro cozido para uso na construção, exceto azulejos e pisos;128
Fabricação de artefatos de cimento para uso na construção;91
Fabricação de artefatos de cordoaria;51
Fabricação de artefatos de couro não especificados anteriormente;39
Fabricação de artefatos de fibrocimento para uso na construção;20
Fabricação de artefatos de joalheria e ourivesaria;25
Fabricação de artefatos de material plástico para outros usos não especificados anteriormente;334
Fabricação de artefatos de material plástico para uso na construção, exceto tubos e acessórios;32
Fabricação de artefatos de material plástico para uso pessoal e doméstico;102
Fabricação de artefatos de material plástico para usos industriais;387
Fabricação de artefatos de tanoaria e de embalagens de madeira;69
Fabricação de artefatos de tapeçaria;55
Fabricação de artefatos diversos de madeira, exceto móveis;47
Fabricação de artefatos para pesca e esporte;32
Fabricação de artefatos têxteis para uso doméstico;331
Fabricação de artigos de cutelaria;25
Fabricação de artigos de metal para uso doméstico e pessoal;71
Fabricação de artigos de serralheria, exceto esquadrias;115
Fabricação de artigos de vidro;57
Fabricação de artigos do vestuário, produzidos em malharias e tricotagens, exceto meias;3
Fabricação de artigos para viagem, bolsas e semelhantes de qualquer material;58
Fabricação de artigos ópticos;13
Fabricação de automóveis, camionetas e utilitários;33
Fabricação de aviamentos para costura;43
Fabricação de azulejos e pisos;77
Fabricação de açúcar de cana refinado;25
Fabricação de açúcar em bruto;1001
Fabricação de bancos e estofados para veículos automotores;14
Fabricação de baterias e acumuladores para veículos automotores;134
Fabricação de bicicletas e triciclos não-motorizados, peças e acessórios;53
Fabricação de bijuterias e artefatos semelhantes;19
Fabricação de biscoitos e bolachas;210
Fabricação de cabines, carrocerias e reboques para caminhões;41
Fabricação de cabines, carrocerias e reboques para outros veículos automotores, exceto caminhões e ônibus;47
Fabricação de cal e gesso;1
Fabricação de caldeiras geradoras de vapor, exceto para aquecimento central e para veículos;73
Fabricação de calçados de couro;1684
Fabricação de calçados de materiais não especificados anteriormente;532
Fabricação de calçados de material sintético;626
Fabricação de canetas, lápis e outros artigos para escritório;3
Fabricação de carrocerias para ônibus;6
Fabricação de celulose e outras pastas para a fabricação de papel;428
Fabricação de cervejas e chopes;187
Fabricação de chapas e de embalagens de papelão ondulado;110
Fabricação de chassis com motor para automóveis, camionetas e utilitários;2
Fabricação de cigarros;2
Fabricação de cimento;10
Fabricação de colchões;38
Fabricação de componentes eletrônicos;209
Fabricação de compressores para uso industrial, peças e acessórios;6
Fabricação de conservas de frutas;83
Fabricação de conservas de legumes e outros vegetais, exceto palmito;10
Fabricação de conservas de peixes, crustáceos e moluscos;4
Fabricação de cosméticos, produtos de perfumaria e de higiene pessoal;590
Fabricação de defensivos agrícolas;18
Fabricação de desinfestantes domissanitários;2
Fabricação de eletrodos, contatos e outros artigos de carvão e grafita para uso elétrico, eletroímãs e isoladores;2
Fabricação de embalagens de cartolina e papel-cartão;23
Fabricação de embalagens de material plástico;479
Fabricação de embalagens de papel;765
Fabricação de embalagens de vidro;387
Fabricação de embalagens metálicas;38
Fabricação de equipamentos de informática;136
Fabricação de equipamentos de transmissão para fins industriais, exceto rolamentos;24
Fabricação de equipamentos de transporte não especificados anteriormente;7
Fabricação de equipamentos e acessórios para segurança pessoal e profissional;228
Fabricação de equipamentos e instrumentos ópticos, peças e acessórios;3
Fabricação de equipamentos hidráulicos e pneumáticos, peças e acessórios, exceto válvulas;29
Fabricação de equipamentos para irrigação agrícola, peças e acessórios;9
Fabricação de equipamentos para sinalização e alarme;2
Fabricação de equipamentos transmissores de comunicação, peças e acessórios;11
Fabricação de escovas, pincéis e vassouras;7
Fabricação de especiarias, molhos, temperos e condimentos;528
Fabricação de esquadrias de madeira e de peças de madeira para instalações industriais e comerciais;8
Fabricação de esquadrias de metal;507
Fabricação de estruturas metálicas;413
Fabricação de estruturas pré-moldadas de concreto armado, em série e sob encomenda;212
Fabricação de farinha de mandioca e derivados;1
Fabricação de farinha de milho e derivados, exceto óleos de milho;4
Fabricação de fermentos e leveduras;828
Fabricação de ferramentas;98
Fabricação de fios, cabos e condutores elétricos isolados;67
Fabricação de fogões, refrigeradores e máquinas de lavar e secar para uso doméstico, peças e acessórios;1051
Fabricação de fornos industriais, aparelhos e equipamentos não-elétricos para instalações térmicas, peças e acessórios;25
Fabricação de fraldas descartáveis;261
Fabricação de frutas cristalizadas, balas e semelhantes;120
Fabricação de gelo comum;22
Fabricação de geradores de corrente contínua e alternada, peças e acessórios;145
Fabricação de instrumentos musicais, peças e acessórios;1
Fabricação de instrumentos não-eletrônicos e utensílios para uso médico, cirúrgico, odontológico e de laboratório;121
Fabricação de intermediários para fertilizantes;27
Fabricação de intermediários para plastificantes, resinas e fibras;1
Fabricação de laminados planos e tubulares de material plástico;22
Fabricação de laticínios;231
Fabricação de letras, letreiros e placas de qualquer material, exceto luminosos;19
Fabricação de linhas para costurar e bordar;36
Fabricação de locomotivas, vagões e outros materiais rodantes;3
Fabricação de luminárias e outros equipamentos de iluminação;126
Fabricação de madeira laminada e de chapas de madeira compensada, prensada e aglomerada;7
Fabricação de margarina e outras gorduras vegetais e de óleos não-comestíveis de animais;9
Fabricação de massas alimentícias;119
Fabricação de materiais para medicina e odontologia;114
Fabricação de material elétrico e eletrônico para veículos automotores, exceto baterias;98
Fabricação de material elétrico para instalações em circuito de consumo;17
Fabricação de medicamentos alopáticos para uso humano;238
Fabricação de medicamentos para uso veterinário;32
Fabricação de meias;1
Fabricação de mobiliário para uso médico, cirúrgico, odontológico e de laboratório;12
Fabricação de motocicletas;1
Fabricação de motores e turbinas, peças e acessórios, exceto para aviões e veículos rodoviários;4
Fabricação de motores elétricos, peças e acessórios;1
Fabricação de motores para automóveis, camionetas e utilitários;2
Fabricação de máquinas e aparelhos de refrigeração e ventilação para uso industrial e comercial, peças e acessórios;18
Fabricação de máquinas e equipamentos para a agricultura e pecuária, peças e acessórios, exceto para irrigação;180
Fabricação de máquinas e equipamentos para a indústria do plástico, peças e acessórios;1
Fabricação de máquinas e equipamentos para a prospecção e extração de petróleo, peças e acessórios;21
Fabricação de máquinas e equipamentos para as indústrias de alimentos, bebidas e fumo, peças e acessórios;138
Fabricação de máquinas e equipamentos para as indústrias de celulose, papel e papelão e artefatos, peças e acessórios;7
Fabricação de máquinas e equipamentos para as indústrias do vestuário, do couro e de calçados, peças e acessórios;5
Fabricação de máquinas e equipamentos para terraplenagem, pavimentação e construção, peças e acessórios, exceto tratores;30
Fabricação de máquinas e equipamentos para uso industrial específico não especificados anteriormente, peças e acessórios;154
Fabricação de máquinas para a indústria metalúrgica, peças e acessórios, exceto máquinas-ferramenta;30
Fabricação de máquinas, equipamentos e aparelhos para transporte e elevação de cargas, peças e acessórios;77
Fabricação de máquinas, equipamentos e aparelhos para transporte e elevação de pessoas, peças e acessórios;10
Fabricação de máquinas-ferramenta, peças e acessórios;55
Fabricação de móveis com predominância de madeira;1403
Fabricação de móveis com predominância de metal;78
Fabricação de móveis de outros materiais, exceto madeira e metal;5
Fabricação de obras de caldeiraria pesada;138
Fabricação de outras aguardentes e bebidas destiladas;33
Fabricação de outras bebidas não-alcoólicas não especificadas anteriormente;28
Fabricação de outras máquinas e equipamentos de uso geral não especificados anteriormente, peças e acessórios;383
Fabricação de outras máquinas e equipamentos para uso na extração mineral, peças e acessórios, exceto na extração de petróleo;20
Fabricação de outras peças e acessórios para veículos automotores não especificadas anteriormente;424
Fabricação de outros aparelhos eletrodomésticos não especificados anteriormente, peças e acessórios;158
Fabricação de outros artefatos e produtos de concreto, cimento, fibrocimento, gesso e materiais semelhantes;54
Fabricação de outros artigos de carpintaria para construção;2
Fabricação de outros brinquedos e jogos recreativos não especificados anteriormente;70
Fabricação de outros equipamentos e aparelhos elétricos não especificados anteriormente;322
Fabricação de outros produtos alimentícios não especificados anteriormente;684
Fabricação de outros produtos de metal não especificados anteriormente;317
Fabricação de outros produtos de minerais não-metálicos não especificados anteriormente;31
Fabricação de outros produtos derivados do petróleo, exceto produtos do refino;29
Fabricação de outros produtos químicos inorgânicos não especificados anteriormente;21
Fabricação de outros produtos químicos não especificados anteriormente;107
Fabricação de outros produtos têxteis não especificados anteriormente;345
Fabricação de painéis e letreiros luminosos;5
Fabricação de papel;168
Fabricação de partes para calçados, de qualquer material;1390
Fabricação de periféricos para equipamentos de informática;21
Fabricação de peças e acessórios para motocicletas;28
Fabricação de peças e acessórios para o sistema de direção e suspensão de veículos automotores;68
Fabricação de peças e acessórios para o sistema de freios de veículos automotores;23
Fabricação de peças e acessórios para o sistema motor de veículos automotores;156
Fabricação de peças e acessórios para os sistemas de marcha e transmissão de veículos automotores;7
Fabricação de peças e acessórios para veículos ferroviários;6
Fabricação de pneumáticos e de câmaras-de-ar;270
Fabricação de produtos cerâmicos não-refratários não especificados anteriormente;138
Fabricação de produtos cerâmicos refratários;65
Fabricação de produtos de carne;565
Fabricação de produtos de limpeza e polimento;251
Fabricação de produtos de padaria e confeitaria com predominância de produção própria;458
Fabricação de produtos de panificação industrial;754
Fabricação de produtos de papel para uso doméstico e higiênico-sanitário não especificados anteriormente;13
Fabricação de produtos de papel, cartolina, papel cartão e papelão ondulado para uso comercial e de escritório, exceto formulário contínuo;268
Fabricação de produtos de pastas celulósicas, papel, cartolina, papel-cartão e papelão ondulado não especificados anteriormente;9
Fabricação de produtos de trefilados de metal padronizados;34
Fabricação de produtos de trefilados de metal, exceto padronizados;35
Fabricação de produtos derivados do cacau e de chocolates;288
Fabricação de produtos diversos não especificados anteriormente;61
Fabricação de produtos do arroz;1
Fabricação de produtos do refino de petróleo;5
Fabricação de produtos farmoquímicos;35
Fabricação de produtos para infusão (chá, mate, etc.);2
Fabricação de produtos petroquímicos básicos;5
Fabricação de produtos químicos orgânicos não especificados anteriormente;18
Fabricação de produtos à base de café;1
Fabricação de pólvoras, explosivos e detonantes;14
Fabricação de pós alimentícios;8
Fabricação de refrescos, xaropes e pós para refrescos, exceto refrescos de frutas;16
Fabricação de refrigerantes;181
Fabricação de resinas termofixas;7
Fabricação de resinas termoplásticas;9
Fabricação de roupas de proteção e segurança e resistentes a fogo;1
Fabricação de sabões e detergentes sintéticos;51
Fabricação de sorvetes e outros gelados comestíveis;148
Fabricação de sucos concentrados de frutas, hortaliças e legumes;970
Fabricação de sucos de frutas, hortaliças e legumes, exceto concentrados;3
Fabricação de tanques, reservatórios metálicos e caldeiras para aquecimento central;37
Fabricação de tecidos de malha;19
Fabricação de tecidos especiais, inclusive artefatos;26
Fabricação de tintas de impressão;1
Fabricação de tintas, vernizes, esmaltes e lacas;130
Fabricação de transformadores, indutores, conversores, sincronizadores e semelhantes, peças e acessórios;13
Fabricação de tratores agrícolas, peças e acessórios;5
Fabricação de tratores, peças e acessórios, exceto agrícolas;2
Fabricação de tubos e acessórios de material plástico para uso na construção;124
Fabricação de turbinas, motores e outros componentes e peças para aeronaves;11
Fabricação de tênis de qualquer material;497
Fabricação de velas, inclusive decorativas;2
Fabricação de vidro plano e de segurança;102
Fabricação de vinho;1
Fabricação de válvulas, registros e dispositivos semelhantes, peças e acessórios;47
Fabricação de águas envasadas;93
Fabricação de álcool;1136
Fabricação de óleos vegetais em bruto, exceto óleo de milho;157
Fabricação de óleos vegetais refinados, exceto óleo de milho;314
Facção de peças do vestuário, exceto roupas íntimas;154
Facção de roupas íntimas;1
Fiação de fibras artificiais e sintéticas;3
Formação de condutores;154
Fornecimento de alimentos preparados preponderantemente para consumo domiciliar;132
Fornecimento de alimentos preparados preponderantemente para empresas;2290
Fornecimento e gestão de recursos humanos para terceiros;1745
Fotocópias;9
Frigorífico - abate de bovinos;1747
Frigorífico - abate de suínos;148
Fundição de ferro e aço;166
Fundição de metais não-ferrosos e suas ligas;45
Geração de energia elétrica;41
Gestão de ativos intangíveis não-financeiros;60
Gestão de instalações de esportes;1
Gestão de redes de esgoto;12
Gestão de terminais aquaviários;17
Gestão e administração da propriedade imobiliária;345
Gestão e manutenção de cemitérios;13
Guarda-móveis;19
Higiene e embelezamento de animais domésticos;2
Holdings de instituições não-financeiras;241
Horticultura, exceto morango;156
Hotéis;1718
Impermeabilização em obras de engenharia civil;68
Impressão de jornais;3
Impressão de livros, revistas e outras publicações periódicas;19
Impressão de material de segurança;75
Impressão de material para outros usos;74
Impressão de material para uso publicitário;23
Imunização e controle de pragas urbanas;131
Incorporação de empreendimentos imobiliários;1363
Instalação de máquinas e equipamentos industriais;129
Instalação de outros equipamentos não especificados anteriormente;20
Instalação de painéis publicitários;21
Instalação de portas, janelas, tetos, divisórias e armários embutidos de qualquer material;53
Instalação e manutenção de sistemas centrais de ar condicionado, de ventilação e refrigeração;157
Instalação e manutenção elétrica;959
Instalação, manutenção e reparação de elevadores, escadas e esteiras rolantes;13
Instalações de sistema de prevenção contra incêndio;10
Instalações hidráulicas, sanitárias e de gás;116
Instituições de longa permanência para idosos;173
Justiça;635
Laboratórios clínicos;519
Laboratórios de anatomia patológica e citológica;14
Laboratórios fotográficos;1
Lanchonetes, casas de chá, de sucos e similares;8300
Lavanderias;216
Limpeza em prédios e em domicílios;5693
Locação de automóveis sem condutor;260
Locação de mão-de-obra temporária;5610
Locação de outros meios de transporte não especificados anteriormente, sem condutor;48
Lojas de departamentos ou magazines, exceto lojas francas (Duty free);1103
Lojas de variedades, exceto lojas de departamentos ou magazines;172
Lojas francas (Duty free) de aeroportos, portos e em fronteiras terrestres;1
Loteamento de imóveis próprios;26
Manutenção de aeronaves na pista;2
Manutenção de estações e redes de telecomunicações;197
Manutenção de redes de distribuição de energia elétrica;168
Manutenção e reparação de aeronaves, exceto a manutenção na pista;14
Manutenção e reparação de aparelhos e instrumentos de medida, teste e controle;14
Manutenção e reparação de aparelhos eletromédicos e eletroterapêuticos e equipamentos de irradiação;3
Manutenção e reparação de baterias e acumuladores elétricos, exceto para veículos;1
Manutenção e reparação de embarcações e estruturas flutuantes;43
Manutenção e reparação de equipamentos de transmissão para fins industriais;4
Manutenção e reparação de equipamentos e instrumentos ópticos;1
Manutenção e reparação de equipamentos e produtos não especificados anteriormente;16
Manutenção e reparação de equipamentos hidráulicos e pneumáticos, exceto válvulas;1
Manutenção e reparação de geradores, transformadores e motores elétricos;56
Manutenção e reparação de máquinas e aparelhos de refrigeração e ventilação para uso industrial e comercial;10
Manutenção e reparação de máquinas e aparelhos para a indústria de celulose, papel e papelão e artefatos;46
Manutenção e reparação de máquinas e equipamentos de terraplenagem, pavimentação e construção, exceto tratores;1
Manutenção e reparação de máquinas e equipamentos para a indústria têxtil, do vestuário, do couro e calçados;2
Manutenção e reparação de máquinas e equipamentos para a prospecção e extração de petróleo;5
Manutenção e reparação de máquinas e equipamentos para agricultura e pecuária;1
Manutenção e reparação de máquinas e equipamentos para as indústrias de alimentos, bebidas e fumo;1
Manutenção e reparação de máquinas e equipamentos para uso geral não especificados anteriormente;476
Manutenção e reparação de máquinas motrizes não-elétricas;6
Manutenção e reparação de máquinas para a indústria metalúrgica, exceto máquinas-ferramenta;4
Manutenção e reparação de máquinas, aparelhos e equipamentos para instalações térmicas;3
Manutenção e reparação de máquinas, aparelhos e materiais elétricos não especificados anteriormente;11
Manutenção e reparação de máquinas, equipamentos e aparelhos para transporte e elevação de cargas;17
Manutenção e reparação de máquinas-ferramenta;2
Manutenção e reparação de outras máquinas e equipamentos para usos industriais não especificados anteriormente;90
Manutenção e reparação de tanques, reservatórios metálicos e caldeiras, exceto para veículos;30
Manutenção e reparação de tratores agrícolas;30
Manutenção e reparação de válvulas industriais;12
Marketing direto;73
Matadouro - abate de reses sob contrato - exceto abate de suínos;3
Medição de consumo de energia elétrica, gás e água;29
Metalurgia de outros metais não-ferrosos e suas ligas não especificados anteriormente;10
Metalurgia do cobre;30
Metalurgia do pó;5
Moagem de trigo e fabricação de derivados;53
Moagem e fabricação de produtos de origem vegetal não especificados anteriormente;20
Montagem de estruturas metálicas;79
Montagem e desmontagem de andaimes e outras estruturas temporárias;83
Montagem e instalação de sistemas e equipamentos de iluminação e sinalização em vias públicas, portos e aeroportos;125
Motéis;98
Navegação de apoio marítimo;7
Navegação de apoio portuário;19
Obras de acabamento em gesso e estuque;16
Obras de alvenaria;191
Obras de fundações;76
Obras de irrigação;1
Obras de montagem industrial;1072
Obras de terraplenagem;669
Obras de urbanização - ruas, praças e calçadas;364
Obras portuárias, marítimas e fluviais;1
Operador de transporte multimodal - OTM;16
Operadoras de televisão por assinatura por cabo;15
Operação dos aeroportos e campos de aterrissagem;15
Orfanatos;4
Organismos internacionais e outras instituições extraterritoriais;5
Organização de excursões em veículos rodoviários próprios, intermunicipal, interestadual e internacional;6
Organização de excursões em veículos rodoviários próprios, municipal;1
Organização logística do transporte de carga;106
Outras atividades associativas profissionais;34
Outras atividades auxiliares dos serviços financeiros não especificadas anteriormente;45
Outras atividades auxiliares dos transportes terrestres não especificadas anteriormente;39
Outras atividades de atenção à saúde humana não especificadas anteriormente;223
Outras atividades de ensino não especificadas anteriormente;446
Outras atividades de prestação de serviços de informação não especificadas anteriormente;23
Outras atividades de publicidade não especificadas anteriormente;6
Outras atividades de recreação e lazer não especificadas anteriormente;35
Outras atividades de serviços de segurança;3
Outras atividades de serviços financeiros não especificadas anteriormente;35
Outras atividades de serviços pessoais não especificadas anteriormente;11
Outras atividades de serviços prestados principalmente às empresas não especificadas anteriormente;3457
Outras atividades de telecomunicações não especificadas anteriormente;100
Outras atividades esportivas não especificadas anteriormente;1
Outras atividades profissionais, científicas e técnicas não especificadas anteriormente;93
Outras obras de acabamento da construção;157
Outras obras de engenharia civil não especificadas anteriormente;1105
Outras obras de instalações em construções não especificadas anteriormente;41
Outras sociedades de participação, exceto holdings;41
Outros alojamentos não especificados anteriormente;48
Outros representantes comerciais e agentes do comércio especializado em produtos não especificados anteriormente;6
Outros serviços de acabamento em fios, tecidos, artefatos têxteis e peças do vestuário;38
Padaria e confeitaria com predominância de revenda;1248
Parques de diversão e parques temáticos;117
Peixaria;4
Pensões (alojamento);10
Perfuração e construção de poços de água;11
Perfurações e sondagens;34
Peritos e avaliadores de seguros;2
Pesquisa e desenvolvimento experimental em ciências físicas e naturais;17
Pesquisa e desenvolvimento experimental em ciências sociais e humanas;1
Pesquisas de mercado e de opinião pública;11
Pintura para sinalização em pistas rodoviárias e aeroportos;47
Planos de auxílio-funeral;39
Planos de saúde;212
Portais, provedores de conteúdo e outros serviços de informação na internet;76
Preparação de canteiro e limpeza de terreno;5
Preparação de documentos e serviços especializados de apoio administrativo não especificados anteriormente;1035
Preparação de massa de concreto e argamassa para construção;102
Preparação de subprodutos do abate;52
Preparação do leite;68
Preparação e fiação de fibras de algodão;291
Preparação e fiação de fibras têxteis naturais, exceto algodão;21
Preservação de peixes, crustáceos e moluscos;28
Previdência complementar fechada;7
Processamento industrial do fumo;1
Produção de alumínio e suas ligas em formas primárias;82
Produção de arames de aço;10
Produção de artefatos estampados de metal;243
Produção de carvão vegetal - florestas plantadas;32
Produção de ferro-gusa;50
Produção de ferroligas;8
Produção de forjados de aço;1
Produção de forjados de metais não-ferrosos e suas ligas;2
Produção de laminados de alumínio;45
Produção de laminados longos de aço, exceto tubos;31
Produção de laminados planos de aço ao carbono, revestidos ou não;7
Produção de laminados planos de aços especiais;1
Produção de mudas e outras formas de propagação vegetal, certificadas;16
Produção de ovos;1017
Produção de pintos de um dia;147
Produção de produtos não-madeireiros não especificados anteriormente em florestas plantadas;272
Produção de relaminados, trefilados e perfilados de aço, exceto arames;22
Produção de sementes certificadas, exceto de forrageiras para pasto;1303
Produção de tubos de aço com costura;2
Produção musical;2
Promoção de vendas;614
Provedores de acesso às redes de comunicações;121
Provedores de voz sobre protocolo internet - VOIP;9
Recarga de cartuchos para equipamentos de informática;3
Recondicionamento e recuperação de motores para veículos automotores;14
Recuperação de materiais metálicos, exceto alumínio;16
Recuperação de materiais não especificados anteriormente;77
Recuperação de materiais plásticos;23
Recuperação de sucatas de alumínio;90
Reforma de pneumáticos usados;84
Regulação das atividades de saúde, educação, serviços culturais e outros serviços sociais;111
Regulação das atividades econômicas;28
Reparação de artigos do mobiliário;5
Reparação de bicicletas, triciclos e outros veículos não-motorizados;1
Reparação e manutenção de computadores e de equipamentos periféricos;52
Reparação e manutenção de equipamentos de comunicação;60
Reparação e manutenção de equipamentos eletroeletrônicos de uso pessoal e doméstico;25
Reparação e manutenção de outros objetos e equipamentos pessoais e domésticos não especificados anteriormente;5
Representantes comerciais e agentes do comércio de combustíveis, minerais, produtos siderúrgicos e químicos;2
Representantes comerciais e agentes do comércio de eletrodomésticos, móveis e artigos de uso doméstico;22
Representantes comerciais e agentes do comércio de instrumentos e materiais odonto-médico-hospitalares;24
Representantes comerciais e agentes do comércio de jornais, revistas e outras publicações;1
Representantes comerciais e agentes do comércio de madeira, material de construção e ferragens;2
Representantes comerciais e agentes do comércio de matérias-primas agrícolas e animais vivos;2
Representantes comerciais e agentes do comércio de medicamentos, cosméticos e produtos de perfumaria;2
Representantes comerciais e agentes do comércio de mercadorias em geral não especializado;28
Representantes comerciais e agentes do comércio de máquinas, equipamentos, embarcações e aeronaves;7
Representantes comerciais e agentes do comércio de produtos alimentícios, bebidas e fumo;73
Rerrefino de óleos lubrificantes;127
Resseguros;1
Restaurantes e similares;4558
Restauração de obras-de-arte;1
Restauração e conservação de lugares e prédios históricos;3
Salas de acesso à internet;5
Securitização de créditos;33
Segurança e ordem pública;62
Seguridade social obrigatória;2213
Seleção e agenciamento de mão-de-obra;485
Serrarias com desdobramento de madeira em bruto;73
Serrarias sem desdobramento de madeira em bruto  -Resserragem;23
Serviço de corte e dobra de metais;33
Serviço de laboratório óptico;4
Serviço de preparação de terreno, cultivo e colheita;343
Serviço de pulverização e controle de pragas agrícolas;8
Serviço de transporte de passageiros - locação de automóveis com motorista;25
Serviço de táxi;1
Serviço de táxi aéreo e locação de aeronaves com tripulação;12
Serviço móvel especializado - SME;4
Serviços advocatícios;264
Serviços ambulantes de alimentação;10
Serviços combinados de escritório e apoio administrativo;4575
Serviços combinados para apoio a edifícios, exceto condomínios prediais;1842
Serviços de acabamentos gráficos, exceto encadernação e plastificação;33
Serviços de adestramento de cães de guarda;1
Serviços de agronomia e de consultoria às atividades agrícolas e pecuárias;17
Serviços de alimentação para eventos e recepções - bufê;145
Serviços de alinhamento e balanceamento de veículos automotores;114
Serviços de apoio ao transporte por táxi, inclusive centrais de chamada;18
Serviços de arquitetura;18
Serviços de assistência social sem alojamento;7649
Serviços de bancos de células e tecidos humanos;11
Serviços de borracharia para veículos automotores;18
Serviços de capotaria;1
Serviços de cartografia, topografia e geodésia;33
Serviços de comunicação multimídia - SCM;647
Serviços de confecção de armações metálicas para a construção;2
Serviços de desenho técnico relacionados à arquitetura e engenharia;3
Serviços de diagnóstico por imagem com uso de radiação ionizante, exceto tomografia;278
Serviços de diagnóstico por imagem sem uso de radiação ionizante, exceto ressonância magnética;84
Serviços de diagnóstico por métodos ópticos - endoscopia e outros exames análogos;5
Serviços de diagnóstico por registro gráfico - ECG, EEG e outros exames análogos;17
Serviços de diálise e nefrologia;44
Serviços de engenharia;1787
Serviços de entrega rápida;78
Serviços de funerárias;38
Serviços de hemoterapia;28
Serviços de instalação, manutenção e reparação de acessórios para veículos automotores;55
Serviços de lanternagem ou funilaria e pintura de veículos automotores;54
Serviços de lavagem, lubrificação e polimento de veículos automotores;57
Serviços de malote não realizados pelo Correio Nacional;9
Serviços de manutenção e reparação elétrica de veículos automotores;32
Serviços de manutenção e reparação mecânica de veículos automotores;214
Serviços de microfilmagem;4
Serviços de montagem de móveis de qualquer material;29
Serviços de operação e fornecimento de equipamentos para transporte e elevação de cargas e pessoas para uso em obras;104
Serviços de organização de feiras, congressos, exposições e festas;86
Serviços de perícia técnica relacionados à segurança do trabalho;14
Serviços de pintura de edifícios em geral;59
Serviços de preparação do terreno não especificados anteriormente;2
Serviços de pré-impressão;37
Serviços de prótese dentária;17
Serviços de quimioterapia;17
Serviços de radioterapia;1
Serviços de reboque de veículos;25
Serviços de reservas e outros serviços de turismo não especificados anteriormente;12
Serviços de ressonância magnética;19
Serviços de tatuagem e colocação de piercing;3
Serviços de telecomunicações sem fio não especificados anteriormente;1
Serviços de telefonia fixa comutada - STFC;47
Serviços de tomografia;42
Serviços de tratamento e revestimento em metais;116
Serviços de usinagem, tornearia e solda;126
Serviços de vacinação e imunização humana;1
Serviços domésticos;2
Serviços especializados para construção não especificados anteriormente;318
Serviços móveis de atendimento a urgências, exceto por UTI móvel;28
Sociedade seguradora de seguros não vida;10
Sociedade seguradora de seguros vida;3
Sociedades de crédito, financiamento e investimento - financeiras;9
Suporte técnico, manutenção e outros serviços em tecnologia da informação;211
Tabacaria;10
Tecelagem de fios de algodão;59
Tecelagem de fios de fibras artificiais e sintéticas;297
Tecelagem de fios de fibras têxteis naturais, exceto algodão;1
Telecomunicações por satélite;36
Telefonia móvel celular;6
Terminais rodoviários e ferroviários;8
Testes e análises técnicas;143
Toalheiros;152
Torrefação e moagem de café;67
Transmissão de energia elétrica;1
Transporte aéreo de carga;1
Transporte aéreo de passageiros regular;24
Transporte dutoviário;4
Transporte escolar;122
Transporte ferroviário de carga;111
Transporte por navegação interior de carga, intermunicipal, interestadual e internacional, exceto travessia;5
Transporte rodoviário coletivo de passageiros, com itinerário fixo, interestadual;1180
Transporte rodoviário coletivo de passageiros, com itinerário fixo, intermunicipal em região metropolitana;194
Transporte rodoviário coletivo de passageiros, com itinerário fixo, intermunicipal, exceto em região metropolitana;234
Transporte rodoviário coletivo de passageiros, com itinerário fixo, municipal;1596
Transporte rodoviário coletivo de passageiros, sob regime de fretamento, intermunicipal, interestadual e internacional;323
Transporte rodoviário coletivo de passageiros, sob regime de fretamento, municipal;99
Transporte rodoviário de carga, exceto produtos perigosos e mudanças, intermunicipal, interestadual e internacional;6504
Transporte rodoviário de carga, exceto produtos perigosos e mudanças, municipal.;836
Transporte rodoviário de produtos perigosos;650
Tratamento de dados, provedores de serviços de aplicação e serviços de hospedagem na internet;32
Tratamento e disposição de resíduos não-perigosos;288
Tratamento e disposição de resíduos perigosos;54
Tratamentos térmicos, acústicos ou de vibração;7
Treinamento em desenvolvimento profissional e gerencial;912
Treinamento em informática;65
UTI móvel;19
Usinas de compostagem;28
Web design;2
